date,experiment_name,variant_name,n_logins,pay_perc_overall,pay_perc_1hr,sub_click_perc_1hr,click_to_init_perc_1hr,init_to_success_perc_1hr,n_paid_users,n_eligible_for_second_pay,second_pay_perc_excl_refunds,second_pay_perc_within_12hr_of_validity_end,second_paid_refund_perc_7day,cancelled_perc_overall,cancelled_perc_1hr,cancelled_perc_1day,d1_retention,d2_retention,d3_retention,d7_retention
"23 January, 2026, 00:00",course_v2/A1/homemaker,SRS with Can do on top [control: Spaced repetition track_V2 - new backend with pre and post test],169,12.43,10.65,57.99,48.98,37.5,21,21,52.38,52.38,8.33,61.9,14.29,23.81,47.62,33.33,23.81,19.05
"24 January, 2026, 00:00",course_v2/A1/homemaker,SRS with Can do on top [control: Spaced repetition track_V2 - new backend with pre and post test],334,11.98,10.78,62.28,43.75,39.56,40,40,47.5,50,9.09,65,17.5,17.5,52.5,45,35,5
"25 January, 2026, 00:00",course_v2/A1/homemaker,SRS with Can do on top [control: Spaced repetition track_V2 - new backend with pre and post test],223,13.45,12.11,64.13,45.45,41.54,31,31,48.39,38.71,0,61.29,6.45,9.68,35.48,32.26,22.58,16.13
"26 January, 2026, 00:00",course_v2/A1/homemaker,SRS with Can do on top [control: Spaced repetition track_V2 - new backend with pre and post test],245,17.55,16.33,68.16,47.9,50,48,48,54.17,50,3.85,54.17,6.25,14.58,56.25,52.08,31.25,20.83
"27 January, 2026, 00:00",course_v2/A1/homemaker,SRS with Can do on top [control: Spaced repetition track_V2 - new backend with pre and post test],349,16.05,13.75,61.03,50.23,44.86,59,59,44.07,40.68,13.33,55.93,11.86,20.34,45.76,40.68,28.81,
"28 January, 2026, 00:00",course_v2/A1/homemaker,SRS with Can do on top [control: Spaced repetition track_V2 - new backend with pre and post test],344,16.28,15.12,63.37,50.92,46.85,67,67,38.81,37.31,3.7,55.22,14.93,20.9,47.76,29.85,22.39,
"29 January, 2026, 00:00",course_v2/A1/homemaker,SRS with Can do on top [control: Spaced repetition track_V2 - new backend with pre and post test],283,13.43,12.37,60.07,52.94,38.89,42,42,57.14,54.76,0,26.19,9.52,9.52,45.24,33.33,26.19,
"30 January, 2026, 00:00",course_v2/A1/homemaker,SRS with Can do on top [control: Spaced repetition track_V2 - new backend with pre and post test],358,15.64,14.8,61.17,50.68,47.75,68,68,22.06,22.06,0,38.24,20.59,29.41,42.65,26.47,25,
"31 January, 2026, 00:00",course_v2/A1/homemaker,SRS with Can do on top [control: Spaced repetition track_V2 - new backend with pre and post test],371,16.98,15.63,65.5,53.5,44.62,64,25,28,28,0,23.44,15.63,15.63,43.75,32.81,,
"1 February, 2026, 00:00",course_v2/A1/homemaker,SRS with Can do on top [control: Spaced repetition track_V2 - new backend with pre and post test],345,11.88,11.3,65.51,45.58,37.86,51,0,,,,23.53,15.69,19.61,52.94,,,
"2 February, 2026, 00:00",course_v2/A1/homemaker,SRS with Can do on top [control: Spaced repetition track_V2 - new backend with pre and post test],386,12.44,11.92,65.03,46.61,39.32,62,0,,,,20.97,17.74,20.97,,,,
"3 February, 2026, 00:00",course_v2/A1/homemaker,SRS with Can do on top [control: Spaced repetition track_V2 - new backend with pre and post test],143,14.69,14.69,63.64,51.65,44.68,25,0,,,,8,8,8,,,,
"23 January, 2026, 00:00",course_v2/A1/homemaker,Spaced repetition track_V2 - new backend with pre and post test,165,16.97,16.36,64.24,51.89,49.09,27,27,40.74,37.04,0,59.26,7.41,14.81,62.96,51.85,40.74,18.52
"24 January, 2026, 00:00",course_v2/A1/homemaker,Spaced repetition track_V2 - new backend with pre and post test,314,11.46,10.83,62.74,47.21,36.56,42,42,40.48,42.86,19.05,76.19,11.9,16.67,50,42.86,33.33,11.9
"25 January, 2026, 00:00",course_v2/A1/homemaker,Spaced repetition track_V2 - new backend with pre and post test,211,19.43,16.59,60.19,52.76,52.24,41,41,63.41,48.78,0,51.22,7.32,12.2,58.54,43.9,43.9,17.07
"26 January, 2026, 00:00",course_v2/A1/homemaker,Spaced repetition track_V2 - new backend with pre and post test,215,17.21,14.88,64.65,53.24,43.24,43,43,55.81,48.84,0,48.84,13.95,18.6,58.14,39.53,41.86,16.28
"27 January, 2026, 00:00",course_v2/A1/homemaker,Spaced repetition track_V2 - new backend with pre and post test,344,15.41,15.12,65.41,52,44.44,62,62,43.55,45.16,6.9,54.84,16.13,24.19,48.39,41.94,24.19,
"28 January, 2026, 00:00",course_v2/A1/homemaker,Spaced repetition track_V2 - new backend with pre and post test,316,21.52,20.25,65.82,59.62,51.61,75,75,46.67,44,2.78,45.33,13.33,20,49.33,42.67,34.67,
"29 January, 2026, 00:00",course_v2/A1/homemaker,Spaced repetition track_V2 - new backend with pre and post test,304,18.42,17.43,61.84,60.64,46.49,60,60,33.33,36.67,13.04,48.33,23.33,30,40,36.67,16.67,
"30 January, 2026, 00:00",course_v2/A1/homemaker,Spaced repetition track_V2 - new backend with pre and post test,244,18.44,17.62,64.75,49.37,55.13,53,53,37.74,37.74,0,56.6,24.53,26.42,56.6,37.74,37.74,
"31 January, 2026, 00:00",course_v2/A1/homemaker,Spaced repetition track_V2 - new backend with pre and post test,217,13.36,11.06,65.44,43.66,38.71,33,12,50,50,0,21.21,9.09,12.12,63.64,48.48,,
"1 February, 2026, 00:00",course_v2/A1/homemaker,Spaced repetition track_V2 - new backend with pre and post test,261,17.62,17.62,67.43,52.84,49.46,51,0,,,,23.53,13.73,23.53,56.86,,,
"2 February, 2026, 00:00",course_v2/A1/homemaker,Spaced repetition track_V2 - new backend with pre and post test,292,10.62,10.62,63.36,54.05,31,33,0,,,,30.3,15.15,27.27,,,,
"3 February, 2026, 00:00",course_v2/A1/homemaker,Spaced repetition track_V2 - new backend with pre and post test,134,13.43,13.43,69.4,55.91,34.62,22,0,,,,0,0,0,,,,
"28 January, 2026, 00:00",course_v2/A1/homemaker,Spaced repetition track_V2 - with pre and post test + homemaker activities at top (without roleplay) [control: Spaced repetition track_V2 - new backend with pre and post test],116,16.38,14.66,55.17,48.44,54.84,21,21,42.86,23.81,0,57.14,19.05,28.57,52.38,23.81,23.81,
"29 January, 2026, 00:00",course_v2/A1/homemaker,Spaced repetition track_V2 - with pre and post test + homemaker activities at top (without roleplay) [control: Spaced repetition track_V2 - new backend with pre and post test],281,15.3,14.95,61.92,52.87,45.65,48,48,47.92,47.92,4.17,54.17,12.5,18.75,50,35.42,16.67,
"30 January, 2026, 00:00",course_v2/A1/homemaker,Spaced repetition track_V2 - with pre and post test + homemaker activities at top (without roleplay) [control: Spaced repetition track_V2 - new backend with pre and post test],212,17.92,17.92,65.57,53.96,50.67,47,47,38.3,38.3,0,38.3,17.02,25.53,44.68,23.4,38.3,
"31 January, 2026, 00:00",course_v2/A1/homemaker,Spaced repetition track_V2 - with pre and post test + homemaker activities at top (without roleplay) [control: Spaced repetition track_V2 - new backend with pre and post test],240,10.42,10.42,63.33,53.95,30.49,30,17,35.29,35.29,0,36.67,16.67,23.33,50,36.67,,
"1 February, 2026, 00:00",course_v2/A1/homemaker,Spaced repetition track_V2 - with pre and post test + homemaker activities at top (without roleplay) [control: Spaced repetition track_V2 - new backend with pre and post test],272,16.18,15.07,67.65,57.07,39.05,47,0,,,,31.91,25.53,27.66,36.17,,,
"2 February, 2026, 00:00",course_v2/A1/homemaker,Spaced repetition track_V2 - with pre and post test + homemaker activities at top (without roleplay) [control: Spaced repetition track_V2 - new backend with pre and post test],284,16.2,14.79,63.38,53.33,43.75,50,0,,,,24,12,24,,,,
"3 February, 2026, 00:00",course_v2/A1/homemaker,Spaced repetition track_V2 - with pre and post test + homemaker activities at top (without roleplay) [control: Spaced repetition track_V2 - new backend with pre and post test],115,17.39,16.52,58.26,58.21,48.72,20,0,,,,5,5,5,,,,
"24 January, 2026, 00:00",course_v2/A1/homemaker,Spaced repetition track_V2 - with pre and post test + homemaker activities at top [control: Spaced repetition track_V2 - new backend with pre and post test],84,19.05,17.86,60.71,56.86,51.72,17,17,41.18,41.18,12.5,70.59,29.41,29.41,70.59,11.76,23.53,5.88
"25 January, 2026, 00:00",course_v2/A1/homemaker,Spaced repetition track_V2 - with pre and post test + homemaker activities at top [control: Spaced repetition track_V2 - new backend with pre and post test],199,14.07,14.07,59.8,51.26,45.9,33,33,48.48,42.42,0,69.7,9.09,18.18,36.36,12.12,18.18,3.03
"26 January, 2026, 00:00",course_v2/A1/homemaker,Spaced repetition track_V2 - with pre and post test + homemaker activities at top [control: Spaced repetition track_V2 - new backend with pre and post test],207,14.98,13.53,59.9,52.42,43.08,29,29,27.59,24.14,0,72.41,13.79,20.69,41.38,44.83,17.24,0
"27 January, 2026, 00:00",course_v2/A1/homemaker,Spaced repetition track_V2 - with pre and post test + homemaker activities at top [control: Spaced repetition track_V2 - new backend with pre and post test],332,14.16,13.25,59.64,48.99,45.36,50,50,54,46,3.57,58,12,18,60,44,34,
"28 January, 2026, 00:00",course_v2/A1/homemaker,Spaced repetition track_V2 - with pre and post test + homemaker activities at top [control: Spaced repetition track_V2 - new backend with pre and post test],279,18.64,17.92,64.16,53.63,52.08,55,55,34.55,36.36,5,49.09,18.18,21.82,47.27,38.18,29.09,
"29 January, 2026, 00:00",course_v2/A1/homemaker,Spaced repetition track_V2 - with pre and post test + homemaker activities at top [control: Spaced repetition track_V2 - new backend with pre and post test],298,13.09,11.74,59.06,52.27,38.04,47,47,23.4,25.53,8.33,55.32,17.02,27.66,48.94,38.3,17.02,
"30 January, 2026, 00:00",course_v2/A1/homemaker,Spaced repetition track_V2 - with pre and post test + homemaker activities at top [control: Spaced repetition track_V2 - new backend with pre and post test],238,15.97,14.29,63.45,53.64,41.98,41,41,34.15,34.15,0,36.59,9.76,19.51,39.02,24.39,21.95,
"31 January, 2026, 00:00",course_v2/A1/homemaker,Spaced repetition track_V2 - with pre and post test + homemaker activities at top [control: Spaced repetition track_V2 - new backend with pre and post test],65,10.77,9.23,60,35.9,42.86,14,10,50,50,0,28.57,7.14,21.43,35.71,35.71,,
